{"cameraMode":{"drawMode":0,"name":"Shaded","section":"Shading Mode"},"sceneLighting":true,"audioPlay":false,"sceneViewState":{"m_AlwaysRefresh":true,"showFog":true,"showSkybox":true,"showFlares":true,"showImageEffects":true,"showParticleSystems":true,"showVisualEffectGraphs":true,"m_FxEnabled":true},"in2DMode":false,"pivot":{"x":2.0917844772338869,"y":0.6994897127151489,"z":-0.20922064781188966},"rotation":{"x":0.014104311354458332,"y":0.9657548069953919,"z":-0.2536153197288513,"w":0.05363712087273598},"size":2.087540626525879,"orthographic":false}