{
    "masterVolume": 52.94451904296875,
    "sfxVolume": 52.94451904296875,
    "ambientVolume": 53.35108184814453,
    "bgmVolume": 53.75763702392578
}